-- phpMyAdmin SQL Dump
-- version 5.2.1
-- https://www.phpmyadmin.net/
--
-- Host: 127.0.0.1
-- Generation Time: Dec 28, 2023 at 06:51 AM
-- Server version: 10.4.32-MariaDB
-- PHP Version: 8.2.12

SET SQL_MODE = "NO_AUTO_VALUE_ON_ZERO";
START TRANSACTION;
SET time_zone = "+00:00";


/*!40101 SET @OLD_CHARACTER_SET_CLIENT=@@CHARACTER_SET_CLIENT */;
/*!40101 SET @OLD_CHARACTER_SET_RESULTS=@@CHARACTER_SET_RESULTS */;
/*!40101 SET @OLD_COLLATION_CONNECTION=@@COLLATION_CONNECTION */;
/*!40101 SET NAMES utf8mb4 */;

--
-- Database: `realestatephp`
--

-- --------------------------------------------------------

--
-- Table structure for table `about`
--

CREATE TABLE `about` (
  `id` int(10) NOT NULL,
  `title` varchar(100) NOT NULL,
  `content` longtext NOT NULL,
  `image` varchar(300) NOT NULL
) ENGINE=InnoDB DEFAULT CHARSET=utf8mb4 COLLATE=utf8mb4_general_ci;

--
-- Dumping data for table `about`
--

INSERT INTO `about` (`id`, `title`, `content`, `image`) VALUES
(10, 'About Us', '<div id=\"pgc-w5d0dcc3394ac1-0-0\" class=\"panel-grid-cell\">\r\n<div id=\"panel-w5d0dcc3394ac1-0-0-0\" class=\"so-panel widget widget_sow-editor panel-first-child panel-last-child\" data-index=\"0\">\r\n<div class=\"so-widget-sow-editor so-widget-sow-editor-base\">\r\n<div class=\"siteorigin-widget-tinymce textwidget\">\r\n<p class=\"text_all_p_tag_css\">As fulfillment in the course Integrative Programming Technologies 2 (IT 120), we, the Group 8, isn\'t just building code, we\'re building bridges to dream homes. </p>\r\n<p class=\"text_all_p_tag_css\">Our real estate marketing and sales system isn\'t just a textbook project, it\'s a revolution in the way construction companies connect with their customers. Forget dusty brochures and endless open houses, we\'re talking sleek interfaces, personalized experiences, and a journey as exciting as finding your perfect place.</p>\r\n<div id=\"pgc-w5d0dcc3394ac1-0-0\" class=\"panel-grid-cell\">\r\n<div id=\"panel-w5d0dcc3394ac1-0-0-0\" class=\"so-panel widget widget_sow-editor panel-first-child panel-last-child\" data-index=\"0\">\r\n<div class=\"so-widget-sow-editor so-widget-sow-editor-base\">\r\n<div class=\"siteorigin-widget-tinymce textwidget\">\r\n<p class=\"text_all_p_tag_css\">But it\'s not just about technology. We believe in the human touch too. Our system seamlessly integrates with a network of friendly, knowledgeable sales agents who are just a tap away, ready to answer any question and guide you through every step of the buying process.</p>\r\n<p class=\"text_all_p_tag_css\">This isn\'t just a project, it\'s a promise. We promise to disrupt the industry, reimagine the customer experience, and make finding your dream home a joy, not a chore. So, buckle up, because Group 8 is about to take real estate into the future, one line of code and one happy homeowner at a time.</p>\r\n</div>\r\n</div>\r\n</div>\r\n</div>\r\n</div>\r\n</div>\r\n</div>\r\n</div>', 'condos-pool.png');

-- --------------------------------------------------------

--
-- Table structure for table `admin`
--

CREATE TABLE `admin` (
  `aid` int(10) NOT NULL,
  `auser` varchar(50) NOT NULL,
  `aemail` varchar(50) NOT NULL,
  `apass` varchar(50) NOT NULL,
  `adob` date NOT NULL,
  `aphone` varchar(15) NOT NULL
) ENGINE=InnoDB DEFAULT CHARSET=utf8mb4 COLLATE=utf8mb4_general_ci;

--
-- Dumping data for table `admin`
--

INSERT INTO `admin` (`aid`, `auser`, `aemail`, `apass`, `adob`, `aphone`) VALUES
(9, 'admin', 'admin@gmail.com', '6812f136d636e737248d365016f8cfd5139e387c', '1994-12-06', '1470002569');

-- --------------------------------------------------------

--
-- Table structure for table `city`
--

CREATE TABLE `city` (
  `cid` int(50) NOT NULL,
  `cname` varchar(100) NOT NULL,
  `sid` int(50) NOT NULL
) ENGINE=InnoDB DEFAULT CHARSET=utf8mb4 COLLATE=utf8mb4_general_ci;

--
-- Dumping data for table `city`
--

INSERT INTO `city` (`cid`, `cname`, `sid`) VALUES
(9, 'Olisphis', 3),
(10, 'Alegas', 2),
(11, 'Floson', 2),
(12, 'Ulmore', 7),
(13, 'Awrerton', 15);

-- --------------------------------------------------------

--
-- Table structure for table `contact`
--

CREATE TABLE `contact` (
  `cid` int(50) NOT NULL,
  `name` varchar(100) NOT NULL,
  `email` varchar(100) NOT NULL,
  `phone` varchar(20) NOT NULL,
  `subject` varchar(100) NOT NULL,
  `message` varchar(250) NOT NULL
) ENGINE=InnoDB DEFAULT CHARSET=utf8mb4 COLLATE=utf8mb4_general_ci;

--
-- Dumping data for table `contact`
--

INSERT INTO `contact` (`cid`, `name`, `email`, `phone`, `subject`, `message`) VALUES
(7, 'codeastro', 'asda@asd.com', '8888885454', 'codeastro.com', 'asdasdasd');

-- --------------------------------------------------------

--
-- Table structure for table `feedback`
--

CREATE TABLE `feedback` (
  `fid` int(50) NOT NULL,
  `uid` int(50) NOT NULL,
  `fdescription` varchar(300) NOT NULL,
  `status` int(1) NOT NULL,
  `date` datetime NOT NULL DEFAULT current_timestamp()
) ENGINE=InnoDB DEFAULT CHARSET=utf8mb4 COLLATE=utf8mb4_general_ci;

--
-- Dumping data for table `feedback`
--

INSERT INTO `feedback` (`fid`, `uid`, `fdescription`, `status`, `date`) VALUES
(7, 28, 'This is a demo feedback in order to use set it as Testimonial for the site. Just a simply dummy text rather than using lorem ipsum text lines.', 1, '2022-07-23 16:07:08'),
(8, 33, 'This is great. This is just great. Hmmm, just a dummy text for users feedback.', 1, '2022-07-23 21:51:09');

-- --------------------------------------------------------

--
-- Table structure for table `property`
--

CREATE TABLE `property` (
  `pid` int(50) NOT NULL,
  `title` varchar(200) NOT NULL,
  `pcontent` longtext NOT NULL,
  `type` varchar(100) NOT NULL,
  `bhk` varchar(50) NOT NULL,
  `stype` varchar(100) NOT NULL,
  `bedroom` int(50) NOT NULL,
  `bathroom` int(50) NOT NULL,
  `balcony` int(50) NOT NULL,
  `kitchen` int(50) NOT NULL,
  `hall` int(50) NOT NULL,
  `floor` varchar(50) NOT NULL,
  `size` int(50) NOT NULL,
  `price` int(50) NOT NULL,
  `location` varchar(200) NOT NULL,
  `city` varchar(100) NOT NULL,
  `state` varchar(100) NOT NULL,
  `feature` longtext NOT NULL,
  `pimage` varchar(300) NOT NULL,
  `pimage1` varchar(300) NOT NULL,
  `pimage2` varchar(300) NOT NULL,
  `pimage3` varchar(300) NOT NULL,
  `pimage4` varchar(300) NOT NULL,
  `uid` int(50) NOT NULL,
  `status` varchar(50) NOT NULL,
  `mapimage` varchar(300) NOT NULL,
  `topmapimage` varchar(300) NOT NULL,
  `groundmapimage` varchar(300) NOT NULL,
  `totalfloor` varchar(50) NOT NULL,
  `date` datetime NOT NULL DEFAULT current_timestamp(),
  `isFeatured` int(11) DEFAULT NULL
) ENGINE=InnoDB DEFAULT CHARSET=utf8mb4 COLLATE=utf8mb4_general_ci;

--
-- Dumping data for table `property`
--

INSERT INTO `property` (`pid`, `title`, `pcontent`, `type`, `bhk`, `stype`, `bedroom`, `bathroom`, `balcony`, `kitchen`, `hall`, `floor`, `size`, `price`, `location`, `city`, `state`, `feature`, `pimage`, `pimage1`, `pimage2`, `pimage3`, `pimage4`, `uid`, `status`, `mapimage`, `topmapimage`, `groundmapimage`, `totalfloor`, `date`, `isFeatured`) VALUES
(25, 'Zills Home', '', 'house', '4 BHK', 'sale', 4, 2, 0, 1, 1, '2nd Floor', 1869, 219690, '39 Bailey Drive', 'Floson', 'Colotana', '<p>&nbsp;</p>\r\n<!---feature area start--->\r\n<div class=\"col-md-4\">\r\n<ul>\r\n<li class=\"mb-3\"><span class=\"text-secondary font-weight-bold\">Property Age : </span>10 Years</li>\r\n<li class=\"mb-3\"><span class=\"text-secondary font-weight-bold\">Swiming Pool : </span>Yes</li>\r\n<li class=\"mb-3\"><span class=\"text-secondary font-weight-bold\">Parking : </span>Yes</li>\r\n<li class=\"mb-3\"><span class=\"text-secondary font-weight-bold\">GYM : </span>Yes</li>\r\n</ul>\r\n</div>\r\n<div class=\"col-md-4\">\r\n<ul>\r\n<li class=\"mb-3\"><span class=\"text-secondary font-weight-bold\">Type : </span>Appartment</li>\r\n<li class=\"mb-3\"><span class=\"text-secondary font-weight-bold\">Security : </span>Yes</li>\r\n<li class=\"mb-3\"><span class=\"text-secondary font-weight-bold\">Dining Capacity : </span>10 People</li>\r\n<li class=\"mb-3\"><span class=\"text-secondary font-weight-bold\">Church/Temple : </span>Yes</li>\r\n</ul>\r\n</div>\r\n<div class=\"col-md-4\">\r\n<ul>\r\n<li class=\"mb-3\"><span class=\"text-secondary font-weight-bold\">3rd Party : </span>No</li>\r\n<li class=\"mb-3\"><span class=\"text-secondary font-weight-bold\">Elevator : </span>Yes</li>\r\n<li class=\"mb-3\"><span class=\"text-secondary font-weight-bold\">CCTV : </span>Yes</li>\r\n<li class=\"mb-3\"><span class=\"text-secondary font-weight-bold\">Water Supply : </span>Ground Water / Tank</li>\r\n</ul>\r\n</div>\r\n<!---feature area end---->\r\n<p>&nbsp;</p>', 'zillhms1.jpg', 'zillhms2.jpg', 'zillhms3.jpg', 'zillhms4.jpg', 'zillhms5.jpg', 30, 'available', 'floorplan_sample.jpg', 'zillhms7.jpg', 'zillhms6.jpg', '2 Floor', '2022-07-22 22:29:20', 0),
(31, 'Camella Homes', '<p>For rent</p>', 'house', '2 BHK', 'rent', 2, 2, 1, 1, 5, '1st Floor', 700, 10000, '9th Street', 'Butuan City', 'Philippines', '<p>&nbsp;</p>\r\n<!---feature area start--->\r\n<div class=\"col-md-4\">\r\n<ul>\r\n<li class=\"mb-3\"><span class=\"text-secondary font-weight-bold\">Property Age : 5</span>&nbsp;Years</li>\r\n<li class=\"mb-3\"><span class=\"text-secondary font-weight-bold\">Swiming Pool : </span>Yes</li>\r\n<li class=\"mb-3\"><span class=\"text-secondary font-weight-bold\">Parking : </span>Yes</li>\r\n<li class=\"mb-3\"><span class=\"text-secondary font-weight-bold\">GYM : No</span></li>\r\n</ul>\r\n</div>\r\n<div class=\"col-md-4\">\r\n<ul>\r\n<li class=\"mb-3\"><span class=\"text-secondary font-weight-bold\">Type : </span>Apartment</li>\r\n<li class=\"mb-3\"><span class=\"text-secondary font-weight-bold\">Security : </span>Yes</li>\r\n<li class=\"mb-3\"><span class=\"text-secondary font-weight-bold\">Dining Capacity : 8</span>&nbsp;People</li>\r\n<li class=\"mb-3\"><span class=\"text-secondary font-weight-bold\">Church/Temple : </span>No</li>\r\n</ul>\r\n</div>\r\n<div class=\"col-md-4\">\r\n<ul>\r\n<li class=\"mb-3\"><span class=\"text-secondary font-weight-bold\">3rd Party : </span>No</li>\r\n<li class=\"mb-3\"><span class=\"text-secondary font-weight-bold\">Elevator : No</span></li>\r\n<li class=\"mb-3\"><span class=\"text-secondary font-weight-bold\">CCTV : </span>Yes</li>\r\n<li class=\"mb-3\"><span class=\"text-secondary font-weight-bold\">Water Supply : </span>Ground Water / Tank</li>\r\n</ul>\r\n</div>\r\n<!---feature area end---->\r\n<p>&nbsp;</p>', 'camella.png', 'camella.png', 'camella.png', 'camella.png', 'camella.png', 36, 'available', 'camella.png', 'camella.png', 'camella.png', '2 Floor', '2023-12-27 11:36:36', 1),
(34, 'Lumina Butuan', '<p>House for sale located at ampayon butuan city.</p>', 'house', '1 BHK', 'sale', 2, 2, 0, 1, 2, '1st Floor', 500, 50000, '6th Street', 'Butuan City', 'Philippines', '<p>&nbsp;</p>\r\n<!---feature area start--->\r\n<div class=\"col-md-4\">\r\n<ul>\r\n<li class=\"mb-3\"><span class=\"text-secondary font-weight-bold\">Property Age : </span>10 Years</li>\r\n<li class=\"mb-3\"><span class=\"text-secondary font-weight-bold\">Swiming Pool : No</span></li>\r\n<li class=\"mb-3\"><span class=\"text-secondary font-weight-bold\">Parking : </span>Yes</li>\r\n<li class=\"mb-3\"><span class=\"text-secondary font-weight-bold\">GYM : No</span></li>\r\n</ul>\r\n</div>\r\n<div class=\"col-md-4\">\r\n<ul>\r\n<li class=\"mb-3\"><span class=\"text-secondary font-weight-bold\">Type : </span>Apartment</li>\r\n<li class=\"mb-3\"><span class=\"text-secondary font-weight-bold\">Security : </span>Yes</li>\r\n<li class=\"mb-3\"><span class=\"text-secondary font-weight-bold\">Dining Capacity : </span>10 People</li>\r\n<li class=\"mb-3\"><span class=\"text-secondary font-weight-bold\">Church/Temple : </span>No</li>\r\n</ul>\r\n</div>\r\n<div class=\"col-md-4\">\r\n<ul>\r\n<li class=\"mb-3\"><span class=\"text-secondary font-weight-bold\">3rd Party : </span>No</li>\r\n<li class=\"mb-3\"><span class=\"text-secondary font-weight-bold\">Elevator : No</span></li>\r\n<li class=\"mb-3\"><span class=\"text-secondary font-weight-bold\">CCTV : No</span></li>\r\n<li class=\"mb-3\"><span class=\"text-secondary font-weight-bold\">Water Supply : </span>Ground Water / Tank</li>\r\n</ul>\r\n</div>\r\n<!---feature area end---->\r\n<p>&nbsp;</p>', 'lumina.png', 'lumina.png', 'lumina.png', 'lumina.png', 'lumina.png', 54, 'available', 'lumina.png', 'lumina.png', 'lumina.png', '1 Floor', '2023-12-28 12:39:17', 1),
(35, 'Filinvest House', '<p>For sale</p>', 'house', '2 BHK', 'sale', 4, 3, 2, 1, 4, '2nd Floor', 600, 250000, 'Kilometer 3, Butuan City', 'Butuan City', 'Philippines', '<p>&nbsp;</p>\r\n<!---feature area start--->\r\n<div class=\"col-md-4\">\r\n<ul>\r\n<li class=\"mb-3\"><span class=\"text-secondary font-weight-bold\">Property Age : 1</span>&nbsp;Years</li>\r\n<li class=\"mb-3\"><span class=\"text-secondary font-weight-bold\">Swiming Pool : No</span></li>\r\n<li class=\"mb-3\"><span class=\"text-secondary font-weight-bold\">Parking : </span>Yes</li>\r\n<li class=\"mb-3\"><span class=\"text-secondary font-weight-bold\">GYM : No</span></li>\r\n</ul>\r\n</div>\r\n<div class=\"col-md-4\">\r\n<ul>\r\n<li class=\"mb-3\"><span class=\"text-secondary font-weight-bold\">Type : House</span></li>\r\n<li class=\"mb-3\"><span class=\"text-secondary font-weight-bold\">Security : </span>Yes</li>\r\n<li class=\"mb-3\"><span class=\"text-secondary font-weight-bold\">Dining Capacity : </span>10 People</li>\r\n<li class=\"mb-3\"><span class=\"text-secondary font-weight-bold\">Church/Temple : </span>No</li>\r\n</ul>\r\n</div>\r\n<div class=\"col-md-4\">\r\n<ul>\r\n<li class=\"mb-3\"><span class=\"text-secondary font-weight-bold\">3rd Party : </span>No</li>\r\n<li class=\"mb-3\"><span class=\"text-secondary font-weight-bold\">Elevator : No</span></li>\r\n<li class=\"mb-3\"><span class=\"text-secondary font-weight-bold\">CCTV : </span>Yes</li>\r\n<li class=\"mb-3\"><span class=\"text-secondary font-weight-bold\">Water Supply : </span>Ground Water / Tank</li>\r\n</ul>\r\n</div>\r\n<!---feature area end---->\r\n<p>&nbsp;</p>', 'Filinvest_house.jpg', 'Filinvest_house.jpg', 'Filinvest_house.jpg', 'Filinvest_house.jpg', 'Filinvest_house.jpg', 63, 'available', 'Filinvest_house.jpg', 'Filinvest_house.jpg', 'Filinvest_house.jpg', '2 Floor', '2023-12-28 13:01:45', 1),
(36, 'Regatta Palms House', '<p>For sale</p>', 'house', '2 BHK', 'sale', 3, 3, 1, 1, 4, '2nd Floor', 800, 1750000, 'Sumilihon', 'Butuan City', 'Philippines', '<p>&nbsp;</p>\r\n<!---feature area start--->\r\n<div class=\"col-md-4\">\r\n<ul>\r\n<li class=\"mb-3\"><span class=\"text-secondary font-weight-bold\">Property Age : 1</span>&nbsp;Years</li>\r\n<li class=\"mb-3\"><span class=\"text-secondary font-weight-bold\">Swiming Pool : </span>Yes</li>\r\n<li class=\"mb-3\"><span class=\"text-secondary font-weight-bold\">Parking : </span>Yes</li>\r\n<li class=\"mb-3\"><span class=\"text-secondary font-weight-bold\">GYM : 0</span></li>\r\n</ul>\r\n</div>\r\n<div class=\"col-md-4\">\r\n<ul>\r\n<li class=\"mb-3\"><span class=\"text-secondary font-weight-bold\">Type : House</span></li>\r\n<li class=\"mb-3\"><span class=\"text-secondary font-weight-bold\">Security : </span>Yes</li>\r\n<li class=\"mb-3\"><span class=\"text-secondary font-weight-bold\">Dining Capacity : 8</span>&nbsp;People</li>\r\n<li class=\"mb-3\"><span class=\"text-secondary font-weight-bold\">Church/Temple : </span>No</li>\r\n</ul>\r\n</div>\r\n<div class=\"col-md-4\">\r\n<ul>\r\n<li class=\"mb-3\"><span class=\"text-secondary font-weight-bold\">3rd Party : </span>No</li>\r\n<li class=\"mb-3\"><span class=\"text-secondary font-weight-bold\">Elevator : No</span></li>\r\n<li class=\"mb-3\"><span class=\"text-secondary font-weight-bold\">CCTV : </span>Yes</li>\r\n<li class=\"mb-3\"><span class=\"text-secondary font-weight-bold\">Water Supply : </span>Ground Water / Tank</li>\r\n</ul>\r\n</div>\r\n<!---feature area end---->\r\n<p>&nbsp;</p>', 'regatta.jpg', 'regatta.jpg', 'regatta.jpg', 'regatta.jpg', 'regatta.jpg', 50, 'available', 'regatta.jpg', 'regatta.jpg', 'regatta.jpg', '2 Floor', '2023-12-28 13:49:29', 1);

-- --------------------------------------------------------

--
-- Table structure for table `state`
--

CREATE TABLE `state` (
  `sid` int(50) NOT NULL,
  `sname` varchar(100) NOT NULL
) ENGINE=InnoDB DEFAULT CHARSET=utf8mb4 COLLATE=utf8mb4_general_ci;

--
-- Dumping data for table `state`
--

INSERT INTO `state` (`sid`, `sname`) VALUES
(2, 'Colotana'),
(3, 'Floaii'),
(4, 'Virconsin'),
(7, 'West Misstana\n\n'),
(9, 'New Pennrk\n\n'),
(10, 'Louiswa\n\n'),
(15, 'Wisginia\n\n');

-- --------------------------------------------------------

--
-- Table structure for table `user`
--

CREATE TABLE `user` (
  `uid` int(50) NOT NULL,
  `uname` varchar(100) NOT NULL,
  `uemail` varchar(100) NOT NULL,
  `uphone` varchar(20) NOT NULL,
  `upass` varchar(50) NOT NULL,
  `utype` varchar(50) NOT NULL,
  `uimage` varchar(300) NOT NULL
) ENGINE=InnoDB DEFAULT CHARSET=utf8mb4 COLLATE=utf8mb4_general_ci;

--
-- Dumping data for table `user`
--

INSERT INTO `user` (`uid`, `uname`, `uemail`, `uphone`, `upass`, `utype`, `uimage`) VALUES
(28, 'Christine', 'christine@mail.com', '7777444455', '6812f136d636e737248d365016f8cfd5139e387c', 'user', 'gr7.png'),
(30, 'Thomas Olson', 'thomas@mail.com', '7896665555', '6812f136d636e737248d365016f8cfd5139e387c', 'user', 'avatarm7-min.jpg'),
(33, 'Noah Stones', 'noah@mail.com', '7965555544', '6812f136d636e737248d365016f8cfd5139e387c', 'user', 'usersys-min.png'),
(34, 'Fred Godines', 'fred@mail.com', '7850002587', '6812f136d636e737248d365016f8cfd5139e387c', 'builder', 'user-a-min.png'),
(35, 'Michael', 'michael@mail.com', '8542221140', '6812f136d636e737248d365016f8cfd5139e387c', 'user', 'usric.png'),
(36, 'Eunor', 'eunorlee@gmail.com', '123123', '9f1f0563eae2dde3db35aaead32c48c472265fc0', 'user', 'Nitro_Wallpaper_03_3840x2400.jpg'),
(37, 'Lee', 'russel@gmail.com', '123123123', '601f1889667efaebb33b8c12572835da3f027f78', 'user', 'Screenshot 2023-10-09 173119.png'),
(50, 'Dimple Tinto', 'dimples.tinto@gmail.com', '5351432', '601f1889667efaebb33b8c12572835da3f027f78', 'agent', 'Tinto2.jpg'),
(54, 'Noralf Russel', 'russelnoralf@gmail.com', '12312123', '9f1f0563eae2dde3db35aaead32c48c472265fc0', 'agent', 'Russel-removebg-preview.png'),
(63, 'Rommel Serrano', 'serranorom@gmail.com', '3123321', 'b1b3773a05c0ed0176787a4f1574ff0075f7521e', 'agent', 'Serrano2.jpg');

--
-- Indexes for dumped tables
--

--
-- Indexes for table `about`
--
ALTER TABLE `about`
  ADD PRIMARY KEY (`id`);

--
-- Indexes for table `admin`
--
ALTER TABLE `admin`
  ADD PRIMARY KEY (`aid`);

--
-- Indexes for table `city`
--
ALTER TABLE `city`
  ADD PRIMARY KEY (`cid`);

--
-- Indexes for table `contact`
--
ALTER TABLE `contact`
  ADD PRIMARY KEY (`cid`);

--
-- Indexes for table `feedback`
--
ALTER TABLE `feedback`
  ADD PRIMARY KEY (`fid`);

--
-- Indexes for table `property`
--
ALTER TABLE `property`
  ADD PRIMARY KEY (`pid`);

--
-- Indexes for table `state`
--
ALTER TABLE `state`
  ADD PRIMARY KEY (`sid`);

--
-- Indexes for table `user`
--
ALTER TABLE `user`
  ADD PRIMARY KEY (`uid`);

--
-- AUTO_INCREMENT for dumped tables
--

--
-- AUTO_INCREMENT for table `about`
--
ALTER TABLE `about`
  MODIFY `id` int(10) NOT NULL AUTO_INCREMENT, AUTO_INCREMENT=11;

--
-- AUTO_INCREMENT for table `admin`
--
ALTER TABLE `admin`
  MODIFY `aid` int(10) NOT NULL AUTO_INCREMENT, AUTO_INCREMENT=10;

--
-- AUTO_INCREMENT for table `city`
--
ALTER TABLE `city`
  MODIFY `cid` int(50) NOT NULL AUTO_INCREMENT, AUTO_INCREMENT=14;

--
-- AUTO_INCREMENT for table `contact`
--
ALTER TABLE `contact`
  MODIFY `cid` int(50) NOT NULL AUTO_INCREMENT, AUTO_INCREMENT=8;

--
-- AUTO_INCREMENT for table `feedback`
--
ALTER TABLE `feedback`
  MODIFY `fid` int(50) NOT NULL AUTO_INCREMENT, AUTO_INCREMENT=9;

--
-- AUTO_INCREMENT for table `property`
--
ALTER TABLE `property`
  MODIFY `pid` int(50) NOT NULL AUTO_INCREMENT, AUTO_INCREMENT=37;

--
-- AUTO_INCREMENT for table `state`
--
ALTER TABLE `state`
  MODIFY `sid` int(50) NOT NULL AUTO_INCREMENT, AUTO_INCREMENT=16;

--
-- AUTO_INCREMENT for table `user`
--
ALTER TABLE `user`
  MODIFY `uid` int(50) NOT NULL AUTO_INCREMENT, AUTO_INCREMENT=64;
COMMIT;

/*!40101 SET CHARACTER_SET_CLIENT=@OLD_CHARACTER_SET_CLIENT */;
/*!40101 SET CHARACTER_SET_RESULTS=@OLD_CHARACTER_SET_RESULTS */;
/*!40101 SET COLLATION_CONNECTION=@OLD_COLLATION_CONNECTION */;
